id,name,address,age,occupation
1,Enrico,Belluno,30,Studente
2,Jacopo,Trento,22,Allenatore
3,Marco,Treviso,24,Commesso
4,Filippo,Bassano,25,Fabbro
5,Matteo,Bassano,20,Operaio
6,Jacopo,Belluno,20,Studente
7,Enrico,Padova,20,Commesso
8,Enrico,Treviso,28,Fabbro
9,Alex,Vicenza,24,Allenatore
10,Matteo,Trento,20,Studente
11,Giovanni,Vicenza,24,Commesso
12,Alex,Vicenza,29,Lavoratore
13,Enrico,Treviso,22,Commesso
14,Enrico,Vicenza,21,Studente
15,Filippo,Bassano,30,Lavoratore
16,Filippo,Padova,30,Allenatore
17,Enrico,Padova,28,Studente
18,Marco,Padova,21,Lavoratore
19,Giovanni,Bassano,25,Fabbro
20,Matteo,Bassano,30,Commesso
21,Filippo,Belluno,20,Allenatore
22,Emma,Trento,22,Operaio
23,Emma,Treviso,30,Lavoratore
24,Simone,Trento,20,Lavoratore
25,Marco,Venezia,30,Commesso
26,Alex,Venezia,20,Commesso
27,Alex,Vicenza,24,Lavoratore
28,Emma,Bassano,22,Commesso
29,Filippo,Belluno,26,Operaio
30,Filippo,Bassano,24,Lavoratore
31,Alex,Trento,28,Allenatore
32,Simone,Bassano,26,Allenatore
33,Matteo,Bassano,27,Lavoratore
34,Simone,Belluno,26,Studente
35,Matteo,Treviso,21,Allenatore
36,Emma,Vicenza,21,Studente
37,Marco,Padova,27,Operaio
38,Emma,Venezia,21,Operaio
39,Simone,Treviso,21,Commesso
40,Simone,Treviso,30,Studente
41,Matteo,Padova,25,Lavoratore
42,Simone,Vicenza,28,Allenatore
43,Filippo,Vicenza,27,Studente
44,Giovanni,Bassano,20,Fabbro
45,Emma,Bassano,24,Commesso
46,Matteo,Vicenza,30,Fabbro
47,Matteo,Treviso,26,Fabbro
48,Matteo,Vicenza,24,Studente
49,Jacopo,Treviso,30,Studente
50,Enrico,Vicenza,25,Lavoratore
51,Giovanni,Belluno,26,Lavoratore
52,Emma,Treviso,22,Operaio
53,Enrico,Padova,20,Fabbro
54,Marco,Trento,27,Commesso
55,Filippo,Trento,29,Lavoratore
56,Simone,Treviso,22,Commesso
57,Alex,Vicenza,25,Studente
58,Emma,Bassano,26,Commesso
59,Emma,Trento,26,Fabbro
60,Simone,Bassano,20,Fabbro
61,Marco,Treviso,21,Lavoratore
62,Alex,Treviso,24,Operaio
63,Simone,Treviso,26,Fabbro
64,Emma,Venezia,23,Fabbro
65,Enrico,Venezia,30,Lavoratore
66,Simone,Belluno,23,Allenatore
67,Marco,Bassano,20,Studente
68,Emma,Padova,24,Studente
69,Marco,Bassano,24,Fabbro
70,Giovanni,Belluno,24,Allenatore
71,Marco,Bassano,24,Operaio
72,Filippo,Padova,21,Lavoratore
73,Marco,Padova,28,Commesso
74,Filippo,Bassano,30,Allenatore
75,Alex,Belluno,21,Operaio
76,Filippo,Treviso,28,Fabbro
77,Alex,Vicenza,25,Allenatore
78,Alex,Padova,30,Operaio
79,Matteo,Belluno,22,Lavoratore
80,Emma,Bassano,20,Operaio
81,Giovanni,Padova,22,Allenatore
82,Filippo,Padova,25,Fabbro
83,Alex,Padova,21,Operaio
84,Filippo,Trento,21,Commesso
85,Enrico,Treviso,21,Allenatore
86,Enrico,Bassano,29,Operaio
87,Alex,Bassano,27,Fabbro
88,Enrico,Vicenza,26,Lavoratore
89,Enrico,Treviso,24,Studente
90,Marco,Vicenza,25,Commesso
91,Giovanni,Treviso,21,Allenatore
92,Emma,Trento,24,Commesso
93,Alex,Vicenza,27,Fabbro
94,Emma,Padova,20,Lavoratore
95,Enrico,Belluno,27,Fabbro
96,Marco,Padova,26,Fabbro
97,Jacopo,Treviso,28,Operaio
98,Marco,Bassano,21,Studente
99,Filippo,Vicenza,20,Commesso
100,Matteo,Treviso,26,Fabbro
101,Filippo,Venezia,21,Allenatore
102,Matteo,Bassano,30,Studente
103,Alex,Vicenza,21,Fabbro
104,Marco,Bassano,22,Commesso
105,Emma,Bassano,27,Operaio
106,Emma,Trento,29,Fabbro
107,Enrico,Belluno,29,Commesso
108,Matteo,Padova,28,Allenatore
109,Giovanni,Trento,20,Fabbro
110,Jacopo,Venezia,25,Fabbro
111,Marco,Trento,25,Operaio
112,Alex,Venezia,29,Allenatore
113,Marco,Vicenza,27,Studente
114,Emma,Trento,22,Fabbro
115,Alex,Treviso,29,Fabbro
116,Enrico,Venezia,22,Operaio
117,Marco,Padova,25,Operaio
118,Alex,Vicenza,22,Allenatore
119,Enrico,Bassano,22,Operaio
120,Marco,Bassano,27,Allenatore
121,Alex,Treviso,28,Operaio
122,Emma,Venezia,23,Allenatore
123,Giovanni,Padova,30,Studente
124,Enrico,Vicenza,30,Operaio
125,Matteo,Vicenza,21,Operaio
126,Alex,Bassano,20,Commesso
127,Simone,Treviso,24,Operaio
128,Marco,Treviso,30,Allenatore
129,Jacopo,Belluno,24,Operaio
130,Filippo,Bassano,29,Commesso
131,Enrico,Belluno,28,Studente
132,Matteo,Treviso,23,Operaio
133,Emma,Venezia,26,Operaio
134,Marco,Bassano,23,Allenatore
135,Giovanni,Belluno,22,Operaio
136,Giovanni,Treviso,29,Commesso
137,Giovanni,Belluno,29,Allenatore
138,Enrico,Trento,27,Studente
139,Matteo,Trento,22,Studente
140,Jacopo,Treviso,26,Operaio
141,Enrico,Treviso,30,Allenatore
142,Marco,Treviso,29,Lavoratore
143,Filippo,Trento,25,Lavoratore
144,Alex,Treviso,26,Studente
145,Matteo,Bassano,29,Fabbro
146,Marco,Bassano,22,Studente
147,Giovanni,Trento,20,Lavoratore
148,Alex,Treviso,20,Commesso
149,Jacopo,Treviso,30,Commesso
150,Jacopo,Padova,28,Commesso
151,Marco,Bassano,23,Studente
152,Matteo,Treviso,28,Lavoratore
153,Jacopo,Venezia,26,Operaio
154,Matteo,Trento,28,Operaio
155,Filippo,Padova,26,Commesso
156,Giovanni,Treviso,22,Fabbro
157,Filippo,Trento,25,Operaio
158,Matteo,Belluno,22,Allenatore
159,Matteo,Belluno,22,Allenatore
160,Alex,Belluno,29,Operaio
161,Giovanni,Trento,23,Allenatore
162,Enrico,Belluno,20,Studente
163,Jacopo,Vicenza,22,Lavoratore
164,Emma,Vicenza,23,Fabbro
165,Emma,Venezia,20,Fabbro
166,Matteo,Treviso,28,Lavoratore
167,Matteo,Padova,23,Lavoratore
168,Marco,Bassano,24,Studente
169,Giovanni,Trento,28,Fabbro
170,Filippo,Vicenza,27,Allenatore
171,Giovanni,Trento,23,Studente
172,Giovanni,Vicenza,26,Studente
173,Simone,Padova,25,Fabbro
174,Emma,Venezia,23,Lavoratore
175,Jacopo,Treviso,28,Commesso
176,Jacopo,Bassano,29,Fabbro
177,Simone,Vicenza,30,Fabbro
178,Jacopo,Padova,29,Commesso
179,Giovanni,Trento,29,Operaio
180,Marco,Venezia,26,Commesso
181,Alex,Bassano,22,Operaio
182,Jacopo,Trento,23,Studente
183,Simone,Vicenza,29,Studente
184,Filippo,Venezia,28,Lavoratore
185,Giovanni,Padova,22,Lavoratore
186,Enrico,Padova,25,Operaio
187,Giovanni,Venezia,28,Operaio
188,Jacopo,Treviso,30,Fabbro
189,Simone,Trento,26,Commesso
190,Enrico,Vicenza,27,Operaio
191,Emma,Bassano,25,Studente
192,Simone,Vicenza,22,Operaio
193,Emma,Bassano,28,Studente
194,Simone,Padova,25,Fabbro
195,Alex,Belluno,26,Commesso
196,Enrico,Belluno,29,Lavoratore
197,Jacopo,Trento,28,Operaio
198,Simone,Belluno,22,Allenatore
199,Matteo,Vicenza,24,Studente
200,Enrico,Padova,25,Operaio
201,Filippo,Treviso,29,Fabbro
202,Marco,Vicenza,28,Fabbro
203,Simone,Vicenza,27,Operaio
204,Matteo,Vicenza,29,Operaio
205,Enrico,Bassano,25,Operaio
206,Filippo,Padova,25,Allenatore
207,Filippo,Venezia,22,Allenatore
208,Enrico,Belluno,23,Fabbro
209,Filippo,Treviso,26,Fabbro
210,Jacopo,Bassano,28,Operaio
211,Filippo,Padova,26,Fabbro
212,Alex,Trento,23,Fabbro
213,Filippo,Venezia,23,Fabbro
214,Giovanni,Belluno,27,Commesso
215,Emma,Venezia,26,Operaio
216,Giovanni,Venezia,25,Studente
217,Filippo,Vicenza,25,Lavoratore
218,Enrico,Venezia,24,Commesso
219,Matteo,Vicenza,28,Operaio
220,Filippo,Belluno,30,Lavoratore
221,Emma,Trento,30,Lavoratore
222,Matteo,Venezia,28,Studente
223,Emma,Padova,20,Lavoratore
224,Enrico,Venezia,27,Fabbro
225,Emma,Belluno,20,Lavoratore
226,Giovanni,Belluno,29,Fabbro
227,Enrico,Treviso,24,Operaio
228,Giovanni,Padova,27,Studente
229,Jacopo,Belluno,25,Commesso
230,Enrico,Venezia,27,Studente
231,Matteo,Treviso,23,Allenatore
232,Enrico,Trento,27,Studente
233,Jacopo,Treviso,26,Fabbro
234,Filippo,Treviso,29,Lavoratore
235,Filippo,Treviso,26,Studente
236,Giovanni,Venezia,20,Studente
237,Jacopo,Bassano,22,Studente
238,Marco,Padova,25,Fabbro
239,Enrico,Treviso,30,Studente
240,Filippo,Belluno,25,Lavoratore
241,Emma,Trento,22,Operaio
242,Filippo,Vicenza,23,Lavoratore
243,Enrico,Padova,23,Lavoratore
244,Emma,Padova,28,Operaio
245,Emma,Venezia,21,Allenatore
246,Enrico,Treviso,23,Studente
247,Simone,Vicenza,20,Fabbro
248,Marco,Vicenza,23,Lavoratore
249,Giovanni,Trento,25,Commesso
250,Giovanni,Trento,29,Commesso
251,Enrico,Bassano,20,Studente
252,Giovanni,Vicenza,27,Operaio
253,Simone,Padova,23,Lavoratore
254,Filippo,Bassano,20,Fabbro
255,Filippo,Venezia,30,Lavoratore
256,Enrico,Vicenza,29,Allenatore
257,Matteo,Belluno,20,Operaio
258,Simone,Padova,22,Commesso
259,Emma,Treviso,30,Lavoratore
260,Alex,Treviso,25,Lavoratore
261,Alex,Bassano,22,Operaio
262,Matteo,Treviso,28,Lavoratore
263,Jacopo,Treviso,30,Allenatore
264,Filippo,Vicenza,26,Lavoratore
265,Giovanni,Padova,29,Studente
266,Giovanni,Treviso,27,Allenatore
267,Emma,Treviso,23,Operaio
268,Marco,Belluno,24,Commesso
269,Matteo,Venezia,23,Fabbro
270,Giovanni,Belluno,20,Commesso
271,Enrico,Bassano,30,Studente
272,Enrico,Bassano,24,Commesso
273,Emma,Treviso,26,Commesso
274,Matteo,Bassano,28,Fabbro
275,Filippo,Venezia,29,Fabbro
276,Simone,Padova,25,Allenatore
277,Filippo,Venezia,21,Operaio
278,Marco,Bassano,29,Fabbro
279,Simone,Padova,24,Operaio
280,Simone,Treviso,23,Allenatore
281,Giovanni,Treviso,28,Commesso
282,Giovanni,Padova,22,Fabbro
283,Enrico,Venezia,20,Allenatore
284,Filippo,Bassano,20,Studente
285,Marco,Trento,27,Lavoratore
286,Simone,Venezia,22,Allenatore
287,Marco,Trento,22,Operaio
288,Jacopo,Trento,28,Studente
289,Marco,Belluno,20,Studente
290,Jacopo,Treviso,30,Lavoratore
291,Marco,Venezia,29,Studente
292,Giovanni,Venezia,29,Studente
293,Giovanni,Trento,26,Studente
294,Jacopo,Venezia,23,Operaio
295,Filippo,Venezia,21,Operaio
296,Emma,Padova,27,Commesso
297,Giovanni,Padova,23,Lavoratore
298,Giovanni,Vicenza,27,Operaio
299,Simone,Trento,22,Studente
300,Filippo,Bassano,24,Operaio
301,Matteo,Padova,30,Lavoratore
302,Alex,Bassano,23,Studente
303,Filippo,Bassano,21,Studente
304,Matteo,Padova,25,Operaio
305,Alex,Trento,30,Fabbro
306,Emma,Treviso,26,Commesso
307,Simone,Treviso,25,Allenatore
308,Emma,Venezia,23,Studente
309,Emma,Venezia,24,Commesso
310,Emma,Treviso,22,Commesso
311,Simone,Vicenza,21,Fabbro
312,Enrico,Belluno,30,Studente
313,Filippo,Treviso,29,Operaio
314,Giovanni,Bassano,27,Allenatore
315,Enrico,Treviso,30,Commesso
316,Emma,Padova,25,Studente
317,Matteo,Vicenza,27,Studente
318,Filippo,Treviso,30,Operaio
319,Filippo,Belluno,21,Operaio
320,Enrico,Treviso,27,Studente
321,Emma,Venezia,22,Operaio
322,Enrico,Venezia,28,Lavoratore
323,Matteo,Venezia,30,Commesso
324,Simone,Venezia,29,Fabbro
325,Giovanni,Treviso,29,Lavoratore
326,Jacopo,Vicenza,22,Fabbro
327,Marco,Treviso,25,Commesso
328,Jacopo,Treviso,24,Fabbro
329,Jacopo,Treviso,30,Lavoratore
330,Alex,Padova,30,Studente
331,Simone,Bassano,21,Operaio
332,Emma,Venezia,29,Allenatore
333,Enrico,Vicenza,27,Commesso
334,Marco,Bassano,28,Fabbro
335,Alex,Padova,29,Studente
336,Simone,Treviso,30,Studente
337,Jacopo,Venezia,27,Allenatore
338,Simone,Treviso,26,Allenatore
339,Emma,Bassano,22,Allenatore
340,Enrico,Trento,29,Studente
341,Filippo,Vicenza,20,Allenatore
342,Filippo,Treviso,25,Commesso
343,Emma,Padova,25,Allenatore
344,Filippo,Trento,25,Lavoratore
345,Giovanni,Padova,28,Allenatore
346,Enrico,Vicenza,25,Commesso
347,Marco,Padova,28,Lavoratore
348,Enrico,Trento,23,Lavoratore
349,Jacopo,Bassano,25,Allenatore
350,Enrico,Treviso,26,Commesso
351,Marco,Trento,22,Operaio
352,Matteo,Vicenza,21,Fabbro
353,Simone,Bassano,26,Operaio
354,Alex,Venezia,29,Allenatore
355,Filippo,Trento,23,Operaio
356,Marco,Belluno,29,Studente
357,Jacopo,Vicenza,21,Allenatore
358,Emma,Padova,28,Commesso
359,Enrico,Vicenza,23,Fabbro
360,Simone,Belluno,30,Operaio
361,Filippo,Bassano,21,Operaio
362,Giovanni,Vicenza,22,Allenatore
363,Matteo,Trento,20,Allenatore
364,Giovanni,Venezia,21,Fabbro
365,Enrico,Trento,29,Lavoratore
366,Giovanni,Treviso,26,Allenatore
367,Filippo,Vicenza,27,Allenatore
368,Filippo,Treviso,23,Commesso
369,Emma,Venezia,20,Commesso
370,Alex,Venezia,22,Commesso
371,Alex,Vicenza,26,Operaio
372,Marco,Venezia,26,Allenatore
373,Enrico,Treviso,22,Lavoratore
374,Matteo,Vicenza,28,Studente
375,Alex,Trento,25,Commesso
376,Alex,Belluno,20,Allenatore
377,Simone,Trento,28,Fabbro
378,Giovanni,Padova,28,Fabbro
379,Marco,Belluno,26,Operaio
380,Matteo,Padova,26,Operaio
381,Emma,Vicenza,20,Studente
382,Matteo,Venezia,29,Lavoratore
383,Simone,Bassano,30,Operaio
384,Giovanni,Vicenza,27,Fabbro
385,Matteo,Venezia,22,Fabbro
386,Matteo,Padova,21,Studente
387,Simone,Venezia,20,Fabbro
388,Jacopo,Vicenza,28,Studente
389,Jacopo,Padova,29,Operaio
390,Emma,Venezia,30,Studente
391,Matteo,Vicenza,30,Lavoratore
392,Giovanni,Treviso,30,Operaio
393,Matteo,Padova,24,Studente
394,Simone,Treviso,30,Operaio
395,Filippo,Treviso,26,Operaio
396,Jacopo,Belluno,25,Fabbro
397,Giovanni,Padova,29,Lavoratore
398,Enrico,Belluno,22,Studente
399,Emma,Bassano,23,Lavoratore
400,Filippo,Vicenza,25,Fabbro
401,Marco,Vicenza,30,Operaio
402,Alex,Trento,28,Studente
403,Filippo,Bassano,27,Operaio
404,Filippo,Vicenza,23,Allenatore
405,Matteo,Padova,22,Operaio
406,Giovanni,Venezia,24,Fabbro
407,Emma,Trento,22,Operaio
408,Emma,Bassano,20,Allenatore
409,Jacopo,Venezia,30,Operaio
410,Jacopo,Vicenza,24,Allenatore
411,Simone,Belluno,22,Studente
412,Giovanni,Belluno,20,Commesso
413,Matteo,Venezia,23,Fabbro
414,Alex,Bassano,21,Fabbro
415,Emma,Padova,30,Commesso
416,Jacopo,Padova,22,Operaio
417,Filippo,Belluno,21,Operaio
418,Giovanni,Trento,28,Fabbro
419,Filippo,Vicenza,20,Studente
420,Alex,Treviso,24,Studente
421,Giovanni,Trento,24,Operaio
422,Jacopo,Trento,27,Fabbro
423,Emma,Padova,24,Operaio
424,Matteo,Belluno,28,Lavoratore
425,Matteo,Trento,20,Commesso
426,Marco,Padova,26,Lavoratore
427,Giovanni,Belluno,30,Studente
428,Giovanni,Treviso,29,Studente
429,Jacopo,Padova,27,Operaio
430,Enrico,Padova,23,Commesso
431,Emma,Padova,26,Commesso
432,Matteo,Vicenza,29,Lavoratore
433,Filippo,Trento,20,Studente
434,Emma,Padova,20,Allenatore
435,Alex,Venezia,25,Fabbro
436,Filippo,Treviso,27,Commesso
437,Simone,Vicenza,23,Commesso
438,Emma,Padova,26,Commesso
439,Filippo,Bassano,22,Commesso
440,Matteo,Belluno,28,Allenatore
441,Alex,Vicenza,30,Lavoratore
442,Marco,Venezia,23,Commesso
443,Matteo,Bassano,29,Studente
444,Filippo,Venezia,21,Lavoratore
445,Filippo,Padova,26,Commesso
446,Enrico,Vicenza,28,Allenatore
447,Giovanni,Belluno,22,Operaio
448,Simone,Padova,24,Fabbro
449,Enrico,Trento,24,Fabbro
450,Matteo,Padova,25,Operaio
451,Filippo,Venezia,25,Lavoratore
452,Enrico,Vicenza,23,Operaio
453,Filippo,Belluno,20,Operaio
454,Giovanni,Belluno,28,Commesso
455,Emma,Venezia,23,Commesso
456,Marco,Padova,28,Fabbro
457,Filippo,Vicenza,27,Studente
458,Jacopo,Vicenza,28,Commesso
459,Jacopo,Belluno,25,Operaio
460,Alex,Treviso,30,Commesso
461,Jacopo,Belluno,29,Commesso
462,Simone,Vicenza,29,Commesso
463,Simone,Belluno,30,Allenatore
464,Jacopo,Vicenza,25,Lavoratore
465,Emma,Trento,26,Operaio
466,Marco,Bassano,25,Fabbro
467,Jacopo,Belluno,21,Fabbro
468,Matteo,Bassano,22,Fabbro
469,Marco,Bassano,21,Operaio
470,Emma,Trento,22,Operaio
471,Jacopo,Trento,30,Operaio
472,Emma,Padova,27,Lavoratore
473,Giovanni,Padova,20,Allenatore
474,Simone,Padova,23,Operaio
475,Emma,Padova,30,Fabbro
476,Simone,Treviso,23,Commesso
477,Simone,Venezia,25,Allenatore
478,Enrico,Vicenza,26,Studente
479,Marco,Vicenza,22,Lavoratore
480,Enrico,Treviso,27,Allenatore
481,Filippo,Bassano,21,Fabbro
482,Enrico,Treviso,22,Studente
483,Matteo,Vicenza,23,Commesso
484,Jacopo,Venezia,29,Fabbro
485,Filippo,Padova,30,Commesso
486,Jacopo,Trento,21,Commesso
487,Giovanni,Treviso,21,Lavoratore
488,Filippo,Treviso,25,Fabbro
489,Enrico,Vicenza,21,Lavoratore
490,Giovanni,Bassano,25,Fabbro
491,Giovanni,Trento,26,Allenatore
492,Matteo,Treviso,22,Commesso
493,Matteo,Bassano,22,Allenatore
494,Simone,Bassano,25,Lavoratore
495,Enrico,Treviso,29,Operaio
496,Jacopo,Bassano,30,Allenatore
497,Jacopo,Venezia,24,Operaio
498,Enrico,Padova,27,Fabbro
499,Enrico,Belluno,26,Studente
500,Giovanni,Vicenza,22,Allenatore
501,Jacopo,Padova,27,Studente
502,Filippo,Trento,29,Studente
503,Marco,Bassano,24,Fabbro
504,Filippo,Trento,30,Allenatore
505,Filippo,Venezia,23,Lavoratore
506,Emma,Trento,24,Fabbro
507,Filippo,Padova,25,Allenatore
508,Emma,Belluno,28,Allenatore
509,Simone,Bassano,20,Commesso
510,Alex,Vicenza,22,Fabbro
511,Filippo,Trento,30,Operaio
512,Enrico,Padova,29,Allenatore
513,Filippo,Padova,23,Allenatore
514,Simone,Vicenza,25,Fabbro
515,Alex,Trento,28,Lavoratore
516,Filippo,Belluno,21,Lavoratore
517,Giovanni,Trento,20,Commesso
518,Enrico,Trento,21,Lavoratore
519,Filippo,Bassano,21,Studente
520,Enrico,Belluno,23,Allenatore
521,Emma,Vicenza,22,Studente
522,Emma,Bassano,23,Allenatore
523,Giovanni,Trento,21,Operaio
524,Enrico,Trento,26,Allenatore
525,Emma,Venezia,29,Allenatore
526,Simone,Padova,28,Studente
527,Simone,Venezia,24,Commesso
528,Giovanni,Padova,30,Commesso
529,Filippo,Belluno,27,Operaio
530,Simone,Vicenza,23,Operaio
531,Enrico,Vicenza,29,Operaio
532,Filippo,Treviso,28,Studente
533,Filippo,Bassano,25,Studente
534,Jacopo,Trento,22,Operaio
535,Giovanni,Padova,22,Fabbro
536,Enrico,Trento,22,Studente
537,Marco,Belluno,24,Lavoratore
538,Simone,Vicenza,22,Allenatore
539,Matteo,Bassano,20,Lavoratore
540,Matteo,Treviso,25,Fabbro
541,Matteo,Treviso,29,Lavoratore
542,Alex,Venezia,20,Studente
543,Marco,Treviso,24,Operaio
544,Emma,Vicenza,26,Lavoratore
545,Enrico,Treviso,30,Operaio
546,Giovanni,Treviso,23,Allenatore
547,Marco,Treviso,28,Allenatore
548,Giovanni,Bassano,20,Operaio
549,Emma,Padova,26,Allenatore
550,Filippo,Venezia,25,Commesso
551,Emma,Bassano,27,Lavoratore
552,Simone,Belluno,24,Allenatore
553,Marco,Padova,28,Commesso
554,Jacopo,Venezia,21,Operaio
555,Simone,Trento,30,Lavoratore
556,Enrico,Vicenza,27,Operaio
557,Emma,Vicenza,29,Commesso
558,Giovanni,Treviso,28,Fabbro
559,Enrico,Vicenza,21,Studente
560,Enrico,Trento,20,Allenatore
561,Emma,Treviso,22,Lavoratore
562,Alex,Trento,20,Fabbro
563,Marco,Trento,25,Operaio
564,Matteo,Treviso,20,Studente
565,Emma,Padova,23,Operaio
566,Emma,Vicenza,20,Allenatore
567,Jacopo,Vicenza,22,Operaio
568,Alex,Padova,25,Studente
569,Jacopo,Vicenza,24,Commesso
570,Emma,Treviso,29,Operaio
571,Emma,Belluno,20,Commesso
572,Simone,Trento,24,Commesso
573,Simone,Trento,29,Fabbro
574,Emma,Belluno,28,Operaio
575,Simone,Venezia,26,Operaio
576,Filippo,Padova,24,Fabbro
577,Alex,Venezia,25,Studente
578,Matteo,Venezia,26,Fabbro
579,Filippo,Belluno,20,Allenatore
580,Enrico,Belluno,25,Studente
581,Emma,Belluno,22,Operaio
582,Matteo,Padova,25,Studente
583,Matteo,Vicenza,23,Studente
584,Simone,Padova,21,Lavoratore
585,Simone,Treviso,27,Allenatore
586,Matteo,Belluno,22,Commesso
587,Enrico,Bassano,29,Allenatore
588,Emma,Padova,25,Fabbro
589,Filippo,Padova,30,Fabbro
590,Matteo,Padova,30,Studente
591,Jacopo,Belluno,26,Fabbro
592,Enrico,Treviso,29,Allenatore
593,Simone,Venezia,20,Studente
594,Filippo,Padova,27,Fabbro
595,Marco,Bassano,20,Operaio
596,Filippo,Venezia,24,Fabbro
597,Jacopo,Venezia,20,Fabbro
598,Giovanni,Treviso,23,Commesso
599,Emma,Venezia,23,Lavoratore
600,Simone,Trento,27,Fabbro
601,Simone,Bassano,26,Studente
602,Giovanni,Trento,29,Allenatore
603,Giovanni,Padova,21,Fabbro
604,Giovanni,Bassano,21,Studente
605,Simone,Vicenza,24,Lavoratore
606,Marco,Belluno,28,Allenatore
607,Emma,Belluno,24,Lavoratore
608,Simone,Venezia,27,Studente
609,Giovanni,Vicenza,30,Commesso
610,Alex,Bassano,28,Fabbro
611,Marco,Treviso,23,Fabbro
612,Jacopo,Vicenza,30,Studente
613,Alex,Venezia,27,Allenatore
614,Marco,Venezia,20,Studente
615,Emma,Bassano,29,Lavoratore
616,Giovanni,Padova,21,Operaio
617,Jacopo,Vicenza,24,Allenatore
618,Giovanni,Treviso,26,Operaio
619,Filippo,Vicenza,24,Studente
620,Emma,Vicenza,23,Studente
621,Jacopo,Bassano,27,Fabbro
622,Alex,Treviso,25,Operaio
623,Enrico,Vicenza,25,Studente
624,Enrico,Padova,22,Allenatore
625,Filippo,Venezia,22,Fabbro
626,Giovanni,Padova,30,Fabbro
627,Marco,Trento,20,Commesso
628,Simone,Treviso,21,Studente
629,Simone,Bassano,27,Lavoratore
630,Enrico,Treviso,25,Operaio
631,Jacopo,Treviso,29,Allenatore
632,Alex,Bassano,26,Operaio
633,Giovanni,Bassano,30,Commesso
634,Matteo,Treviso,24,Lavoratore
635,Jacopo,Belluno,24,Lavoratore
636,Jacopo,Bassano,22,Studente
637,Alex,Vicenza,25,Allenatore
638,Alex,Belluno,28,Commesso
639,Emma,Trento,23,Commesso
640,Simone,Belluno,29,Fabbro
641,Matteo,Treviso,30,Allenatore
642,Filippo,Belluno,25,Lavoratore
643,Alex,Vicenza,24,Allenatore
644,Simone,Venezia,30,Fabbro
645,Alex,Vicenza,25,Lavoratore
646,Filippo,Bassano,30,Studente
647,Emma,Padova,20,Operaio
648,Simone,Trento,22,Studente
649,Jacopo,Venezia,27,Commesso
650,Alex,Vicenza,22,Operaio
651,Giovanni,Bassano,28,Studente
652,Emma,Bassano,30,Studente
653,Jacopo,Belluno,20,Fabbro
654,Marco,Bassano,28,Fabbro
655,Emma,Belluno,24,Operaio
656,Emma,Belluno,23,Lavoratore
657,Marco,Belluno,24,Studente
658,Giovanni,Belluno,23,Allenatore
659,Enrico,Bassano,28,Operaio
660,Giovanni,Trento,26,Operaio
661,Enrico,Belluno,29,Allenatore
662,Filippo,Treviso,20,Lavoratore
663,Simone,Padova,26,Studente
664,Enrico,Padova,29,Studente
665,Marco,Vicenza,27,Operaio
666,Alex,Venezia,30,Operaio
667,Giovanni,Bassano,22,Fabbro
668,Filippo,Padova,30,Lavoratore
669,Giovanni,Trento,28,Operaio
670,Jacopo,Trento,22,Studente
671,Simone,Vicenza,30,Commesso
672,Alex,Padova,27,Allenatore
673,Marco,Treviso,26,Lavoratore
674,Giovanni,Vicenza,24,Fabbro
675,Matteo,Vicenza,30,Studente
676,Giovanni,Bassano,21,Operaio
677,Enrico,Belluno,20,Studente
678,Jacopo,Treviso,30,Fabbro
679,Enrico,Belluno,20,Fabbro
680,Emma,Treviso,20,Operaio
681,Simone,Venezia,26,Studente
682,Alex,Padova,27,Commesso
683,Emma,Vicenza,25,Fabbro
684,Matteo,Trento,25,Lavoratore
685,Marco,Treviso,26,Studente
686,Marco,Bassano,26,Lavoratore
687,Emma,Venezia,21,Operaio
688,Filippo,Trento,26,Fabbro
689,Emma,Bassano,21,Studente
690,Filippo,Belluno,30,Operaio
691,Alex,Venezia,28,Operaio
692,Giovanni,Venezia,22,Fabbro
693,Jacopo,Trento,29,Fabbro
694,Filippo,Venezia,27,Operaio
695,Jacopo,Padova,29,Fabbro
696,Enrico,Treviso,22,Studente
697,Simone,Vicenza,20,Commesso
698,Jacopo,Venezia,29,Lavoratore
699,Jacopo,Vicenza,26,Allenatore
700,Marco,Treviso,26,Lavoratore
701,Jacopo,Vicenza,23,Allenatore
702,Jacopo,Padova,21,Lavoratore
703,Simone,Bassano,29,Allenatore
704,Giovanni,Treviso,26,Commesso
705,Marco,Vicenza,22,Operaio
706,Jacopo,Trento,20,Commesso
707,Marco,Vicenza,29,Operaio
708,Jacopo,Bassano,22,Allenatore
709,Marco,Bassano,27,Studente
710,Giovanni,Vicenza,22,Commesso
711,Giovanni,Vicenza,23,Fabbro
712,Marco,Bassano,25,Studente
713,Emma,Vicenza,26,Operaio
714,Matteo,Bassano,20,Fabbro
715,Matteo,Venezia,28,Fabbro
716,Jacopo,Trento,29,Allenatore
717,Alex,Trento,24,Allenatore
718,Enrico,Padova,28,Lavoratore
719,Giovanni,Belluno,22,Commesso
720,Enrico,Treviso,20,Operaio
721,Jacopo,Venezia,27,Lavoratore
722,Marco,Belluno,29,Lavoratore
723,Matteo,Padova,25,Fabbro
724,Alex,Vicenza,26,Operaio
725,Giovanni,Trento,26,Commesso
726,Jacopo,Bassano,26,Studente
727,Jacopo,Treviso,27,Lavoratore
728,Enrico,Bassano,23,Commesso
729,Jacopo,Treviso,23,Studente
730,Marco,Belluno,21,Lavoratore
731,Matteo,Trento,22,Operaio
732,Enrico,Treviso,26,Operaio
733,Enrico,Venezia,24,Commesso
734,Giovanni,Belluno,30,Operaio
735,Enrico,Trento,30,Lavoratore
736,Giovanni,Trento,24,Commesso
737,Matteo,Bassano,30,Operaio
738,Marco,Bassano,26,Lavoratore
739,Simone,Trento,23,Lavoratore
740,Marco,Trento,22,Commesso
741,Emma,Venezia,29,Operaio
742,Emma,Treviso,23,Operaio
743,Jacopo,Padova,27,Fabbro
744,Filippo,Treviso,29,Allenatore
745,Filippo,Belluno,20,Lavoratore
746,Giovanni,Belluno,26,Studente
747,Simone,Padova,23,Fabbro
748,Filippo,Belluno,28,Studente
749,Alex,Belluno,27,Allenatore
750,Filippo,Belluno,30,Studente
751,Enrico,Venezia,26,Commesso
752,Filippo,Treviso,29,Fabbro
753,Emma,Venezia,29,Operaio
754,Filippo,Bassano,29,Operaio
755,Filippo,Padova,24,Allenatore
756,Marco,Bassano,30,Fabbro
757,Jacopo,Vicenza,29,Operaio
758,Emma,Padova,24,Allenatore
759,Alex,Vicenza,29,Allenatore
760,Simone,Belluno,27,Studente
761,Marco,Belluno,22,Operaio
762,Jacopo,Venezia,22,Operaio
763,Filippo,Vicenza,27,Operaio
764,Enrico,Bassano,28,Studente
765,Matteo,Trento,22,Fabbro
766,Jacopo,Treviso,20,Allenatore
767,Enrico,Trento,25,Operaio
768,Jacopo,Vicenza,25,Commesso
769,Enrico,Bassano,25,Fabbro
770,Simone,Vicenza,20,Studente
771,Matteo,Treviso,28,Fabbro
772,Enrico,Vicenza,22,Fabbro
773,Filippo,Venezia,29,Lavoratore
774,Filippo,Treviso,28,Studente
775,Matteo,Padova,22,Fabbro
776,Marco,Vicenza,21,Allenatore
777,Giovanni,Vicenza,28,Fabbro
778,Marco,Trento,29,Allenatore
779,Jacopo,Padova,26,Allenatore
780,Enrico,Trento,21,Studente
781,Enrico,Treviso,28,Commesso
782,Jacopo,Venezia,20,Operaio
783,Alex,Vicenza,23,Lavoratore
784,Simone,Vicenza,20,Lavoratore
785,Enrico,Trento,23,Lavoratore
786,Matteo,Bassano,30,Fabbro
787,Alex,Trento,30,Operaio
788,Jacopo,Bassano,28,Lavoratore
789,Matteo,Venezia,23,Lavoratore
790,Filippo,Belluno,29,Lavoratore
791,Simone,Belluno,20,Commesso
792,Giovanni,Padova,21,Commesso
793,Giovanni,Treviso,23,Lavoratore
794,Alex,Belluno,22,Commesso
795,Jacopo,Vicenza,30,Allenatore
796,Enrico,Venezia,28,Commesso
797,Alex,Venezia,22,Allenatore
798,Simone,Venezia,29,Allenatore
799,Marco,Padova,24,Operaio
800,Matteo,Vicenza,26,Allenatore
801,Emma,Venezia,22,Studente
802,Emma,Trento,29,Commesso
803,Emma,Bassano,29,Studente
804,Jacopo,Padova,26,Studente
805,Simone,Belluno,25,Operaio
806,Marco,Venezia,21,Operaio
807,Filippo,Padova,25,Fabbro
808,Enrico,Venezia,25,Lavoratore
809,Filippo,Bassano,26,Lavoratore
810,Emma,Belluno,27,Lavoratore
811,Emma,Belluno,23,Studente
812,Filippo,Belluno,28,Operaio
813,Marco,Treviso,20,Operaio
814,Jacopo,Bassano,26,Lavoratore
815,Giovanni,Belluno,23,Operaio
816,Jacopo,Bassano,23,Commesso
817,Emma,Treviso,30,Fabbro
818,Matteo,Treviso,26,Fabbro
819,Jacopo,Bassano,24,Operaio
820,Enrico,Belluno,22,Studente
821,Filippo,Belluno,22,Fabbro
822,Marco,Bassano,20,Operaio
823,Simone,Treviso,28,Studente
824,Marco,Padova,30,Lavoratore
825,Jacopo,Bassano,29,Allenatore
826,Matteo,Venezia,29,Lavoratore
827,Giovanni,Venezia,20,Allenatore
828,Emma,Padova,29,Operaio
829,Jacopo,Bassano,24,Lavoratore
830,Alex,Treviso,28,Commesso
831,Marco,Vicenza,28,Studente
832,Jacopo,Trento,24,Allenatore
833,Matteo,Vicenza,25,Commesso
834,Emma,Trento,24,Fabbro
835,Alex,Treviso,22,Fabbro
836,Enrico,Vicenza,21,Commesso
837,Matteo,Treviso,30,Lavoratore
838,Matteo,Vicenza,22,Operaio
839,Matteo,Belluno,21,Lavoratore
840,Emma,Vicenza,22,Fabbro
841,Filippo,Bassano,26,Allenatore
842,Matteo,Vicenza,20,Operaio
843,Simone,Belluno,21,Operaio
844,Matteo,Treviso,29,Operaio
845,Enrico,Vicenza,22,Fabbro
846,Jacopo,Treviso,25,Operaio
847,Giovanni,Bassano,30,Fabbro
848,Enrico,Treviso,20,Studente
849,Matteo,Padova,20,Fabbro
850,Emma,Venezia,30,Lavoratore
851,Marco,Belluno,23,Studente
852,Giovanni,Trento,23,Studente
853,Simone,Padova,25,Allenatore
854,Marco,Treviso,30,Operaio
855,Enrico,Treviso,21,Operaio
856,Emma,Bassano,25,Fabbro
857,Giovanni,Bassano,23,Studente
858,Giovanni,Bassano,28,Fabbro
859,Enrico,Treviso,28,Fabbro
860,Matteo,Treviso,29,Allenatore
861,Alex,Treviso,24,Studente
862,Simone,Padova,22,Studente
863,Jacopo,Treviso,22,Operaio
864,Filippo,Trento,30,Studente
865,Simone,Vicenza,22,Studente
866,Alex,Padova,27,Commesso
867,Enrico,Bassano,29,Studente
868,Filippo,Bassano,24,Allenatore
869,Matteo,Padova,25,Allenatore
870,Emma,Trento,24,Commesso
871,Jacopo,Venezia,29,Lavoratore
872,Alex,Padova,29,Allenatore
873,Enrico,Venezia,24,Operaio
874,Giovanni,Padova,23,Operaio
875,Enrico,Trento,30,Commesso
876,Emma,Venezia,23,Lavoratore
877,Simone,Belluno,29,Allenatore
878,Simone,Venezia,20,Allenatore
879,Filippo,Trento,22,Studente
880,Emma,Treviso,23,Operaio
881,Enrico,Treviso,21,Allenatore
882,Matteo,Trento,28,Fabbro
883,Jacopo,Venezia,28,Commesso
884,Matteo,Vicenza,24,Commesso
885,Matteo,Vicenza,20,Commesso
886,Simone,Treviso,24,Fabbro
887,Filippo,Venezia,25,Operaio
888,Giovanni,Vicenza,25,Allenatore
889,Emma,Belluno,28,Studente
890,Enrico,Padova,26,Commesso
891,Jacopo,Treviso,22,Lavoratore
892,Enrico,Bassano,24,Operaio
893,Giovanni,Belluno,26,Operaio
894,Jacopo,Padova,28,Studente
895,Alex,Padova,22,Studente
896,Jacopo,Bassano,26,Operaio
897,Jacopo,Treviso,22,Operaio
898,Matteo,Padova,26,Commesso
899,Matteo,Bassano,25,Fabbro
900,Simone,Padova,24,Studente
901,Filippo,Treviso,29,Lavoratore
902,Simone,Belluno,20,Operaio
903,Marco,Trento,21,Operaio
904,Matteo,Bassano,25,Commesso
905,Giovanni,Belluno,24,Commesso
906,Jacopo,Padova,26,Operaio
907,Alex,Padova,24,Commesso
908,Giovanni,Bassano,21,Allenatore
909,Marco,Venezia,20,Commesso
910,Emma,Padova,24,Commesso
911,Alex,Bassano,26,Lavoratore
912,Giovanni,Treviso,28,Commesso
913,Emma,Trento,22,Commesso
914,Enrico,Bassano,22,Commesso
915,Enrico,Padova,20,Commesso
916,Marco,Treviso,30,Fabbro
917,Simone,Bassano,27,Studente
918,Simone,Padova,29,Operaio
919,Matteo,Bassano,26,Studente
920,Simone,Bassano,24,Fabbro
921,Matteo,Belluno,23,Operaio
922,Giovanni,Venezia,28,Lavoratore
923,Simone,Belluno,29,Commesso
924,Jacopo,Belluno,30,Allenatore
925,Marco,Venezia,25,Studente
926,Emma,Padova,25,Lavoratore
927,Emma,Vicenza,27,Commesso
928,Emma,Treviso,25,Fabbro
929,Filippo,Bassano,27,Studente
930,Matteo,Treviso,20,Fabbro
931,Emma,Trento,28,Studente
932,Simone,Belluno,23,Lavoratore
933,Marco,Padova,20,Allenatore
934,Filippo,Bassano,27,Commesso
935,Enrico,Venezia,28,Studente
936,Enrico,Venezia,23,Studente
937,Filippo,Vicenza,22,Lavoratore
938,Matteo,Vicenza,20,Operaio
939,Giovanni,Belluno,27,Fabbro
940,Alex,Padova,20,Allenatore
941,Simone,Belluno,24,Studente
942,Emma,Venezia,28,Operaio
943,Emma,Belluno,20,Commesso
944,Emma,Belluno,24,Fabbro
945,Emma,Bassano,26,Lavoratore
946,Giovanni,Treviso,23,Operaio
947,Alex,Trento,27,Fabbro
948,Filippo,Bassano,21,Allenatore
949,Simone,Venezia,28,Allenatore
950,Simone,Vicenza,21,Operaio
951,Enrico,Treviso,21,Allenatore
952,Enrico,Bassano,28,Commesso
953,Giovanni,Belluno,20,Commesso
954,Emma,Belluno,20,Allenatore
955,Emma,Trento,20,Allenatore
956,Simone,Venezia,20,Allenatore
957,Enrico,Bassano,24,Studente
958,Jacopo,Treviso,29,Studente
959,Giovanni,Treviso,29,Lavoratore
960,Jacopo,Venezia,30,Fabbro
961,Marco,Belluno,29,Allenatore
962,Matteo,Venezia,29,Fabbro
963,Alex,Belluno,24,Studente
964,Filippo,Vicenza,26,Lavoratore
965,Marco,Venezia,25,Commesso
966,Filippo,Bassano,24,Studente
967,Filippo,Venezia,27,Fabbro
968,Matteo,Belluno,23,Fabbro
969,Filippo,Bassano,25,Operaio
970,Enrico,Bassano,24,Allenatore
971,Marco,Venezia,26,Operaio
972,Alex,Venezia,20,Allenatore
973,Alex,Padova,29,Operaio
974,Marco,Belluno,24,Commesso
975,Enrico,Vicenza,23,Fabbro
976,Giovanni,Treviso,22,Commesso
977,Alex,Treviso,27,Commesso
978,Giovanni,Bassano,28,Studente
979,Emma,Venezia,21,Lavoratore
980,Giovanni,Treviso,23,Commesso
981,Emma,Padova,20,Lavoratore
982,Marco,Vicenza,20,Commesso
983,Jacopo,Padova,26,Studente
984,Matteo,Bassano,24,Fabbro
985,Giovanni,Treviso,27,Lavoratore
986,Matteo,Venezia,21,Fabbro
987,Alex,Vicenza,27,Allenatore
988,Alex,Trento,30,Allenatore
989,Alex,Padova,21,Fabbro
990,Filippo,Trento,27,Fabbro
991,Emma,Venezia,29,Allenatore
992,Matteo,Trento,30,Lavoratore
993,Matteo,Venezia,28,Studente
994,Filippo,Trento,30,Lavoratore
995,Marco,Padova,27,Studente
996,Jacopo,Belluno,26,Studente
997,Marco,Vicenza,23,Operaio
998,Jacopo,Belluno,25,Studente
999,Matteo,Vicenza,20,Operaio
1000,Matteo,Bassano,24,Lavoratore
